{
  "id": "client_check",
  "nodes": [
    {
      "name": "start",
      "onEnter": [
        "execute custom.checkClient"
      ],
      "next": [
        {
          "condition": "temp.isClient",
          "node": "client_flow"
        },
        {
          "condition": "true",
          "node": "non_client_flow"
        }
      ]
    },
    {
      "name": "client_flow",
      "onEnter": [
        "say \"Welcome back, client! Let's continue your project setup.\""
      ],
      "next": []
    },
    {
      "name": "non_client_flow",
      "onEnter": [
        "say \"You are not recognized as a client. Please book a call with us!\""
      ],
      "next": []
    }
  ]
}
